-- MySQL dump 10.13  Distrib 8.0.44, for Linux (aarch64)
--
-- Host: localhost    Database: panels_mosiedle
-- ------------------------------------------------------
-- Server version	8.0.44-0ubuntu0.22.04.1

/*!40101 SET @OLD_CHARACTER_SET_CLIENT=@@CHARACTER_SET_CLIENT */;
/*!40101 SET @OLD_CHARACTER_SET_RESULTS=@@CHARACTER_SET_RESULTS */;
/*!40101 SET @OLD_COLLATION_CONNECTION=@@COLLATION_CONNECTION */;
/*!50503 SET NAMES utf8mb4 */;
/*!40103 SET @OLD_TIME_ZONE=@@TIME_ZONE */;
/*!40103 SET TIME_ZONE='+00:00' */;
/*!40014 SET @OLD_UNIQUE_CHECKS=@@UNIQUE_CHECKS, UNIQUE_CHECKS=0 */;
/*!40014 SET @OLD_FOREIGN_KEY_CHECKS=@@FOREIGN_KEY_CHECKS, FOREIGN_KEY_CHECKS=0 */;
/*!40101 SET @OLD_SQL_MODE=@@SQL_MODE, SQL_MODE='NO_AUTO_VALUE_ON_ZERO' */;
/*!40111 SET @OLD_SQL_NOTES=@@SQL_NOTES, SQL_NOTES=0 */;

--
-- Table structure for table `announcements`
--

DROP TABLE IF EXISTS `announcements`;
/*!40101 SET @saved_cs_client     = @@character_set_client */;
/*!50503 SET character_set_client = utf8mb4 */;
CREATE TABLE `announcements` (
  `id` int NOT NULL AUTO_INCREMENT,
  `importance` int NOT NULL,
  `icon` varchar(100) DEFAULT NULL,
  `communities` varchar(200) NOT NULL,
  `title` varchar(100) DEFAULT NULL,
  `text` text NOT NULL,
  `author_id` int NOT NULL,
  `created_at` datetime NOT NULL,
  `edited_at` datetime DEFAULT CURRENT_TIMESTAMP,
  `expire_at` datetime DEFAULT NULL,
  PRIMARY KEY (`id`)
) ENGINE=InnoDB AUTO_INCREMENT=16 DEFAULT CHARSET=utf8mb4 COLLATE=utf8mb4_unicode_ci;
/*!40101 SET character_set_client = @saved_cs_client */;

--
-- Dumping data for table `announcements`
--

LOCK TABLES `announcements` WRITE;
/*!40000 ALTER TABLE `announcements` DISABLE KEYS */;
INSERT INTO `announcements` VALUES (5,1,'','1','Jak to jest być skrybą, dobrze?','<br/>A, wie pan, moim zdaniem to nie ma tak, że dobrze, albo że niedobrze.\r\nGdybym miał powiedzieć, co cenię w życiu najbardziej, powiedziałbym, że ludzi.\r\nLudzi, którzy podali mi pomocną dłoń, kiedy sobie nie radziłem, kiedy byłem sam,\r\ni co ciekawe, to właśnie przypadkowe spotkania wpływają na nasze życie.\r\nChodzi o to, że kiedy wyznaje się pewne wartości, nawet pozornie uniwersalne,\r\nbywa, że nie znajduje się zrozumienia, które by tak rzec, które pomaga się nam rozwijać.\r\nJa miałem szczęście, by tak rzec, ponieważ je znalazłem, i dziękuję życiu!\r\nDziękuję mu; życie to śpiew, życie to taniec, życie to miłość!\r\nWielu ludzi pyta mnie o to samo: ale jak ty to robisz, skąd czerpiesz tę radość? A ja odpowiadam, że to proste!\r\nTo umiłowanie życia. To właśnie ono sprawia, że dzisiaj na przykład buduję maszyny, a jutro – kto wie? Dlaczego by nie – oddam się pracy społecznej i będę, ot, choćby, sadzić... doć— m-marchew...',1,'2024-05-19 16:50:06','2026-01-16 19:45:49','2026-01-08 19:45:00'),(11,3,'','1','MSCDN','To jest opis ogłoszenia, mozna tutaj wpisac do 2048 znakow',1,'2024-05-23 14:18:26','2024-05-23 16:18:26','2024-05-23 16:20:00'),(15,2,'','1','REMONT WINDY','Szanowni Państwo,\r\ninformujemy, że w dniach 21.01.2025-25.01.2025 w budynku będą prowadzone prace związane z remontem/modernizacją windy.\r\n\r\nW związku z tym winda będzie nieczynna \r\n\r\nProsimy o uwzględnienie utrudnień i korzystanie w tym czasie ze schodów.\r\nPrzepraszamy za niedogodności i dziękujemy za wyrozumiałość.\r\n\r\nZarząd Wspólnoty \r\nKontakt: 666777888\r\nData wywieszenia: 17.01.2025\r\n\r\n(Opcjonalnie dopisek)\r\nW razie pytań lub potrzeby pomocy (np. osoby starsze, z wózkami) prosimy o kontakt z administracją.',1,'2026-01-16 19:19:51','2026-01-16 19:45:34','2026-04-17 19:18:00');
/*!40000 ALTER TABLE `announcements` ENABLE KEYS */;
UNLOCK TABLES;

--
-- Table structure for table `communities`
--

DROP TABLE IF EXISTS `communities`;
/*!40101 SET @saved_cs_client     = @@character_set_client */;
/*!50503 SET character_set_client = utf8mb4 */;
CREATE TABLE `communities` (
  `id` int NOT NULL AUTO_INCREMENT,
  `admins` varchar(200) DEFAULT NULL,
  `name` text,
  `street_name` text,
  `contact_email` text,
  `city` text,
  PRIMARY KEY (`id`)
) ENGINE=InnoDB AUTO_INCREMENT=2 DEFAULT CHARSET=utf8mb4 COLLATE=utf8mb4_unicode_ci;
/*!40101 SET character_set_client = @saved_cs_client */;

--
-- Dumping data for table `communities`
--

LOCK TABLES `communities` WRITE;
/*!40000 ALTER TABLE `communities` DISABLE KEYS */;
INSERT INTO `communities` VALUES (1,NULL,'Osiedle Płochocińska Pod Dębami','ul. Płochocińska 16 A/B/C','contact@mosiedle.pl','Warszawa');
/*!40000 ALTER TABLE `communities` ENABLE KEYS */;
UNLOCK TABLES;

--
-- Table structure for table `log_types`
--

DROP TABLE IF EXISTS `log_types`;
/*!40101 SET @saved_cs_client     = @@character_set_client */;
/*!50503 SET character_set_client = utf8mb4 */;
CREATE TABLE `log_types` (
  `id` int NOT NULL AUTO_INCREMENT,
  `type` text COLLATE utf8mb4_general_ci NOT NULL,
  PRIMARY KEY (`id`)
) ENGINE=InnoDB AUTO_INCREMENT=4 DEFAULT CHARSET=utf8mb4 COLLATE=utf8mb4_general_ci;
/*!40101 SET character_set_client = @saved_cs_client */;

--
-- Dumping data for table `log_types`
--

LOCK TABLES `log_types` WRITE;
/*!40000 ALTER TABLE `log_types` DISABLE KEYS */;
INSERT INTO `log_types` VALUES (1,'modify'),(2,'create'),(3,'delete');
/*!40000 ALTER TABLE `log_types` ENABLE KEYS */;
UNLOCK TABLES;

--
-- Table structure for table `logs`
--

DROP TABLE IF EXISTS `logs`;
/*!40101 SET @saved_cs_client     = @@character_set_client */;
/*!50503 SET character_set_client = utf8mb4 */;
CREATE TABLE `logs` (
  `id` int NOT NULL AUTO_INCREMENT,
  `user_id` int NOT NULL,
  `when` timestamp NOT NULL DEFAULT CURRENT_TIMESTAMP ON UPDATE CURRENT_TIMESTAMP,
  `object_id` int NOT NULL,
  `object_type` text COLLATE utf8mb4_general_ci NOT NULL,
  `before` text COLLATE utf8mb4_general_ci,
  `after` text COLLATE utf8mb4_general_ci NOT NULL,
  `type` int NOT NULL,
  `description` text COLLATE utf8mb4_general_ci NOT NULL,
  PRIMARY KEY (`id`),
  KEY `logs_fk0` (`user_id`),
  KEY `logs_fk1` (`type`),
  CONSTRAINT `logs_fk0` FOREIGN KEY (`user_id`) REFERENCES `users` (`id`),
  CONSTRAINT `logs_fk1` FOREIGN KEY (`type`) REFERENCES `log_types` (`id`)
) ENGINE=InnoDB AUTO_INCREMENT=862 DEFAULT CHARSET=utf8mb4 COLLATE=utf8mb4_general_ci;
/*!40101 SET character_set_client = @saved_cs_client */;

--
-- Dumping data for table `logs`
--

LOCK TABLES `logs` WRITE;
/*!40000 ALTER TABLE `logs` DISABLE KEYS */;
INSERT INTO `logs` VALUES (771,2,'2024-05-08 17:46:14',4,'users','Imię: Kacper Korus<br/> Email: member@gmail.com<br/> Rola: 4<br/> Wspólnota: ','Imię: Kacper Korus<br/> Email: member@gmail.com<br/> Rola: 1<br/> Wspólnota: ',1,'Edyctowano użytkownika'),(772,2,'2024-05-08 17:48:18',4,'users','Imię: Kacper Korus<br/> Email: member@gmail.com<br/> Rola: 1<br/> Wspólnota: ','Imię: Kacper Korus<br/> Email: member@gmail.com<br/> Rola: 4<br/> Wspólnota: ',1,'Edyctowano użytkownika'),(773,2,'2024-05-09 11:45:43',6,'users','','Imię: test test<br/> Email: huj<br/> Rola: 4<br/> Wspólnota: ',2,'Dodano użytkownika użytkownika'),(774,2,'2024-05-09 11:57:25',7,'users','','Imię: test test<br/> Email: huhj@heh.pl<br/> Rola: 3<br/> Wspólnota: ',2,'Dodano użytkownika użytkownika'),(775,2,'2024-05-09 12:18:53',7,'users','Imię: <br/> Nazwisko: <br/> Drugie imię: <br/> Mail: <br/> Rola: 3<br/> Status: <br/> Opis: <br/> Szkoła: ','Imię: deleted_user<br/> Nazwisko: deleted_user<br/> Drugie imię: deleted_user<br/> Mail: deleted_user<br/> Rola: 1<br/> Status: 1<br/> Opis: deleted_user<br/> Szkoła: 1<br/>',3,'Usunięto użytkownika'),(776,2,'2024-05-09 12:19:08',7,'users','Imię: <br/> Nazwisko: <br/> Drugie imię: <br/> Mail: <br/> Rola: <br/> Status: <br/> Opis: <br/> Szkoła: ','Imię: deleted_user<br/> Nazwisko: deleted_user<br/> Drugie imię: deleted_user<br/> Mail: deleted_user<br/> Rola: 1<br/> Status: 1<br/> Opis: deleted_user<br/> Szkoła: 1<br/>',3,'Usunięto użytkownika'),(777,2,'2024-05-09 12:19:29',7,'users','Imię: <br/> Nazwisko: <br/> Drugie imię: <br/> Mail: <br/> Rola: <br/> Status: <br/> Opis: <br/> Szkoła: ','Imię: deleted_user<br/> Nazwisko: deleted_user<br/> Drugie imię: deleted_user<br/> Mail: deleted_user<br/> Rola: 1<br/> Status: 1<br/> Opis: deleted_user<br/> Szkoła: 1<br/>',3,'Usunięto użytkownika'),(778,2,'2024-05-09 12:20:08',6,'users','Imię: <br/> Nazwisko: <br/> Drugie imię: <br/> Mail: <br/> Rola: 4<br/> Status: <br/> Opis: <br/> Szkoła: ','Imię: deleted_user<br/> Nazwisko: deleted_user<br/> Drugie imię: deleted_user<br/> Mail: deleted_user<br/> Rola: 1<br/> Status: 1<br/> Opis: deleted_user<br/> Szkoła: 1<br/>',3,'Usunięto użytkownika'),(779,2,'2024-05-09 12:21:24',8,'users','','Imię: test test<br/> Email: test@test.pl<br/> Rola: 4<br/> Wspólnota: ',2,'Dodano użytkownika użytkownika'),(780,2,'2024-05-09 12:21:33',8,'users','Imię: <br/> Nazwisko: <br/> Drugie imię: <br/> Mail: <br/> Rola: 4<br/> Status: <br/> Opis: <br/> Szkoła: ','Imię: deleted_user<br/> Nazwisko: deleted_user<br/> Drugie imię: deleted_user<br/> Mail: deleted_user<br/> Rola: 1<br/> Status: 1<br/> Opis: deleted_user<br/> Szkoła: 1<br/>',3,'Usunięto użytkownika'),(781,2,'2024-05-09 12:22:48',9,'users','','Imię: test test<br/> Email: test@test.pl<br/> Rola: 1<br/> Wspólnota: ',2,'Dodano użytkownika użytkownika'),(782,2,'2024-05-09 12:23:00',9,'users','Imię: test test<br/> Email: test@test.pl<br/> Rola: 1<br/> Wspólnota: ','Imię: deleted_user<br/> Nazwisko: deleted_user<br/> Drugie imię: deleted_user<br/> Mail: deleted_user<br/> Rola: 1<br/> Status: 1<br/> Opis: deleted_user<br/> Szkoła: 1<br/>',3,'Usunięto użytkownika'),(783,2,'2024-05-12 11:22:51',1,'mtablice','Data początku gwarancji: <br/> Data końca gwarancji: <br/> Model: mTablica Basic<br/> Wspólnota: <br/> Szczegóły miejsca: <br/> Opis: <br/> Kod zaproszenia: ','Data początku gwarancji: 1970-01-01<br/> Data końca gwarancji: 1970-01-01<br/> Model: mTablica Basic<br/> Wspólnota: <br/> Szczegóły miejsca: <br/> Opis: <br/> Kod zaproszenia: ',1,'Edytowano tablicę'),(784,2,'2024-05-12 11:23:00',1,'mtablice','Data początku gwarancji: 1970-01-01<br/> Data końca gwarancji: 1970-01-01<br/> Model: mTablica Basic<br/> Wspólnota: <br/> Szczegóły miejsca: <br/> Opis: <br/> Kod zaproszenia: ','Data początku gwarancji: 1970-01-01<br/> Data końca gwarancji: 1970-01-01<br/> Model: mTablica Basic<br/> Wspólnota: <br/> Szczegóły miejsca: <br/> Opis: <br/> Kod zaproszenia: ',1,'Edytowano tablicę'),(785,2,'2024-05-12 11:23:04',1,'mtablice','Data początku gwarancji: 1970-01-01<br/> Data końca gwarancji: 1970-01-01<br/> Model: mTablica Basic<br/> Wspólnota: <br/> Szczegóły miejsca: <br/> Opis: <br/> Kod zaproszenia: ','Data początku gwarancji: 1970-01-01<br/> Data końca gwarancji: 1970-01-01<br/> Model: mTablica Basic<br/> Wspólnota: <br/> Szczegóły miejsca: <br/> Opis: <br/> Kod zaproszenia: ',1,'Edytowano tablicę'),(786,2,'2024-05-12 11:23:35',1,'mtablice','Data początku gwarancji: 1970-01-01<br/> Data końca gwarancji: 1970-01-01<br/> Model: mTablica Basic<br/> Wspólnota: <br/> Szczegóły miejsca: <br/> Opis: <br/> Kod zaproszenia: ','Data początku gwarancji: 1970-01-01<br/> Data końca gwarancji: 1970-01-01<br/> Model: mTablica Basic<br/> Wspólnota: <br/> Szczegóły miejsca: <br/> Opis: <br/> Kod zaproszenia: ',1,'Edytowano tablicę'),(787,2,'2024-05-12 11:23:37',1,'mtablice','Data początku gwarancji: 1970-01-01<br/> Data końca gwarancji: 1970-01-01<br/> Model: mTablica Basic<br/> Wspólnota: <br/> Szczegóły miejsca: <br/> Opis: <br/> Kod zaproszenia: ','Data początku gwarancji: 1970-01-01<br/> Data końca gwarancji: 1970-01-01<br/> Model: mTablica Basic<br/> Wspólnota: <br/> Szczegóły miejsca: <br/> Opis: <br/> Kod zaproszenia: ',1,'Edytowano tablicę'),(788,2,'2024-05-12 11:25:02',1,'mtablice','Data początku gwarancji: 1970-01-01<br/> Data końca gwarancji: 1970-01-01<br/> Model: mTablica Basic<br/> Wspólnota: <br/> Szczegóły miejsca: <br/> Opis: <br/> Kod zaproszenia: ','Data początku gwarancji: 1970-01-01<br/> Data końca gwarancji: 1970-01-01<br/> Model: mTablica Basic<br/> Wspólnota: <br/> Szczegóły miejsca: <br/> Opis: <br/> Kod zaproszenia: ',1,'Edytowano tablicę'),(789,2,'2024-05-12 11:25:16',1,'mtablice','Data początku gwarancji: 1970-01-01<br/> Data końca gwarancji: 1970-01-01<br/> Model: mTablica Basic<br/> Wspólnota: <br/> Szczegóły miejsca: <br/> Opis: <br/> Kod zaproszenia: ','Data początku gwarancji: 1970-01-01<br/> Data końca gwarancji: 1970-01-01<br/> Model: mTablica Basic<br/> Wspólnota: <br/> Szczegóły miejsca: <br/> Opis: <br/> Kod zaproszenia: ',1,'Edytowano tablicę'),(790,2,'2024-05-12 11:25:40',1,'mtablice','Data początku gwarancji: 1970-01-01<br/> Data końca gwarancji: 1970-01-01<br/> Model: mTablica Basic<br/> Wspólnota: 0<br/> Szczegóły miejsca: <br/> Opis: <br/> Kod zaproszenia: ','Data początku gwarancji: 1970-01-01<br/> Data końca gwarancji: 1970-01-01<br/> Model: mTablica Basic<br/> Wspólnota: <br/> Szczegóły miejsca: <br/> Opis: <br/> Kod zaproszenia: ',1,'Edytowano tablicę'),(791,2,'2024-05-12 11:26:28',1,'mtablice','Data początku gwarancji: 1970-01-01<br/> Data końca gwarancji: 1970-01-01<br/> Model: mTablica Basic<br/> Wspólnota: 0<br/> Szczegóły miejsca: <br/> Opis: <br/> Kod zaproszenia: ','Data początku gwarancji: 1970-01-01<br/> Data końca gwarancji: 1970-01-01<br/> Model: mTablica Basic<br/> Wspólnota: NULL<br/> Szczegóły miejsca: <br/> Opis: <br/> Kod zaproszenia: ',1,'Edytowano tablicę'),(792,2,'2024-05-12 11:26:38',1,'mtablice','Data początku gwarancji: 1970-01-01<br/> Data końca gwarancji: 1970-01-01<br/> Model: mTablica Basic<br/> Wspólnota: 0<br/> Szczegóły miejsca: <br/> Opis: <br/> Kod zaproszenia: ','Data początku gwarancji: 1970-01-01<br/> Data końca gwarancji: 1970-01-01<br/> Model: mTablica Basic<br/> Wspólnota: NULL<br/> Szczegóły miejsca: <br/> Opis: <br/> Kod zaproszenia: ',1,'Edytowano tablicę'),(793,2,'2024-05-12 11:26:43',1,'mtablice','Data początku gwarancji: 1970-01-01<br/> Data końca gwarancji: 1970-01-01<br/> Model: mTablica Basic<br/> Wspólnota: 0<br/> Szczegóły miejsca: <br/> Opis: <br/> Kod zaproszenia: ','Data początku gwarancji: 1970-01-01<br/> Data końca gwarancji: 1970-01-01<br/> Model: mTablica Basic<br/> Wspólnota: NULL<br/> Szczegóły miejsca: <br/> Opis: <br/> Kod zaproszenia: ',1,'Edytowano tablicę'),(794,2,'2024-05-12 11:26:47',1,'mtablice','Data początku gwarancji: 1970-01-01<br/> Data końca gwarancji: 1970-01-01<br/> Model: mTablica Basic<br/> Wspólnota: 0<br/> Szczegóły miejsca: <br/> Opis: <br/> Kod zaproszenia: ','Data początku gwarancji: 1970-01-01<br/> Data końca gwarancji: 1970-01-01<br/> Model: mTablica Basic<br/> Wspólnota: NULL<br/> Szczegóły miejsca: <br/> Opis: <br/> Kod zaproszenia: ',1,'Edytowano tablicę'),(795,2,'2024-05-12 11:26:51',1,'mtablice','Data początku gwarancji: 1970-01-01<br/> Data końca gwarancji: 1970-01-01<br/> Model: mTablica Basic<br/> Wspólnota: 0<br/> Szczegóły miejsca: <br/> Opis: <br/> Kod zaproszenia: ','Data początku gwarancji: 1970-01-01<br/> Data końca gwarancji: 1970-01-01<br/> Model: mTablica Basic<br/> Wspólnota: NULL<br/> Szczegóły miejsca: <br/> Opis: <br/> Kod zaproszenia: ',1,'Edytowano tablicę'),(796,2,'2024-05-12 11:30:36',1,'mtablice','Data początku gwarancji: 1970-01-01<br/> Data końca gwarancji: 1970-01-01<br/> Model: mTablica Basic<br/> Wspólnota: 0<br/> Szczegóły miejsca: <br/> Opis: <br/> Kod zaproszenia: ','Data początku gwarancji: 1970-01-01<br/> Data końca gwarancji: 1970-01-01<br/> Model: mTablica Basic<br/> Wspólnota: NULL<br/> Szczegóły miejsca: <br/> Opis: <br/> Kod zaproszenia: ',1,'Edytowano danę mTablicy'),(797,2,'2024-05-12 11:30:39',1,'mtablice','Data początku gwarancji: 1970-01-01<br/> Data końca gwarancji: 1970-01-01<br/> Model: mTablica Basic<br/> Wspólnota: 0<br/> Szczegóły miejsca: <br/> Opis: <br/> Kod zaproszenia: ','Data początku gwarancji: 1970-01-01<br/> Data końca gwarancji: 1970-01-01<br/> Model: mTablica Basic<br/> Wspólnota: NULL<br/> Szczegóły miejsca: <br/> Opis: <br/> Kod zaproszenia: ',1,'Edytowano danę mTablicy'),(798,2,'2024-05-12 11:31:44',1,'mtablice','Data początku gwarancji: 1970-01-01<br/> Data końca gwarancji: 1970-01-01<br/> Model: mTablica Basic<br/> Wspólnota: 0<br/> Szczegóły miejsca: <br/> Opis: <br/> Kod zaproszenia: ','Data początku gwarancji: <br/> Data końca gwarancji: <br/> Model: mTablica Basic<br/> Wspólnota: 0<br/> Szczegóły miejsca: <br/> Opis: <br/> Kod zaproszenia: ',1,'Edytowano dane mTablicy'),(799,2,'2024-05-12 11:32:56',1,'mtablice','Data początku gwarancji: 0000-00-00<br/> Data końca gwarancji: 0000-00-00<br/> Model: mTablica Basic<br/> Wspólnota: 0<br/> Szczegóły miejsca: <br/> Opis: <br/> Kod zaproszenia: ','Data początku gwarancji: <br/> Data końca gwarancji: <br/> Model: mTablica Basic<br/> Wspólnota: 0<br/> Szczegóły miejsca: <br/> Opis: <br/> Kod zaproszenia: ',1,'Edytowano dane mTablicy'),(800,2,'2024-05-12 11:33:06',1,'mtablice','Data początku gwarancji: 0000-00-00<br/> Data końca gwarancji: 0000-00-00<br/> Model: mTablica Basic<br/> Wspólnota: 0<br/> Szczegóły miejsca: <br/> Opis: <br/> Kod zaproszenia: ','Data początku gwarancji: <br/> Data końca gwarancji: <br/> Model: mTablica Basic<br/> Wspólnota: 0<br/> Szczegóły miejsca: <br/> Opis: <br/> Kod zaproszenia: ',1,'Edytowano dane mTablicy'),(801,2,'2024-05-12 11:33:26',1,'mtablice','Data początku gwarancji: 0000-00-00<br/> Data końca gwarancji: 0000-00-00<br/> Model: mTablica Basic<br/> Wspólnota: 0<br/> Szczegóły miejsca: <br/> Opis: <br/> Kod zaproszenia: ','Data początku gwarancji: <br/> Data końca gwarancji: <br/> Model: mTablica Basic<br/> Wspólnota: 0<br/> Szczegóły miejsca: <br/> Opis: <br/> Kod zaproszenia: ',1,'Edytowano dane mTablicy'),(802,2,'2024-05-12 11:33:38',1,'mtablice','Data początku gwarancji: 0000-00-00<br/> Data końca gwarancji: 0000-00-00<br/> Model: mTablica Basic<br/> Wspólnota: 0<br/> Szczegóły miejsca: <br/> Opis: <br/> Kod zaproszenia: ','Data początku gwarancji: <br/> Data końca gwarancji: <br/> Model: mTablica Basic<br/> Wspólnota: 0<br/> Szczegóły miejsca: <br/> Opis: <br/> Kod zaproszenia: ',1,'Edytowano dane mTablicy'),(803,2,'2024-05-12 11:33:41',1,'mtablice','Data początku gwarancji: 0000-00-00<br/> Data końca gwarancji: 0000-00-00<br/> Model: mTablica Basic<br/> Wspólnota: 0<br/> Szczegóły miejsca: <br/> Opis: <br/> Kod zaproszenia: ','Data początku gwarancji: <br/> Data końca gwarancji: <br/> Model: mTablica Basic<br/> Wspólnota: 0<br/> Szczegóły miejsca: <br/> Opis: <br/> Kod zaproszenia: ',1,'Edytowano dane mTablicy'),(804,2,'2024-05-12 11:35:56',1,'mtablice','Data początku gwarancji: 0000-00-00<br/> Data końca gwarancji: 0000-00-00<br/> Model: mTablica Basic<br/> Wspólnota: 0<br/> Szczegóły miejsca: <br/> Opis: <br/> Kod zaproszenia: ','Data początku gwarancji: 2024-05-12<br/> Data końca gwarancji: 2026-05-12<br/> Model: mTablica Basic<br/> Wspólnota: 0<br/> Szczegóły miejsca: <br/> Opis: <br/> Kod zaproszenia: ',1,'Edytowano dane mTablicy'),(805,2,'2024-05-12 11:37:19',1,'mtablice','Data początku gwarancji: 2024-05-12<br/> Data końca gwarancji: 2026-05-12<br/> Model: mTablica Basic<br/> Wspólnota: 0<br/> Szczegóły miejsca: <br/> Opis: <br/> Kod zaproszenia: ','Data początku gwarancji: 2024-05-12<br/> Data końca gwarancji: 2026-05-12<br/> Model: mTablica Basic<br/> Wspólnota: 0<br/> Szczegóły miejsca: klatka 2<br/> Opis: <br/> Kod zaproszenia: ',1,'Edytowano dane mTablicy'),(806,2,'2024-05-12 11:37:31',1,'mtablice','Data początku gwarancji: 2024-05-12<br/> Data końca gwarancji: 2026-05-12<br/> Model: mTablica Basic<br/> Wspólnota: 0<br/> Szczegóły miejsca: klatka 2<br/> Opis: <br/> Kod zaproszenia: ','Data początku gwarancji: 2024-05-12<br/> Data końca gwarancji: 2026-05-12<br/> Model: mTablica Professional<br/> Wspólnota: 0<br/> Szczegóły miejsca: klatka 2<br/> Opis: <br/> Kod zaproszenia: ',1,'Edytowano dane mTablicy'),(807,2,'2024-05-12 11:37:51',1,'mtablice','Data początku gwarancji: 2024-05-12<br/> Data końca gwarancji: 2026-05-12<br/> Model: mTablica Professional<br/> Wspólnota: 0<br/> Szczegóły miejsca: klatka 2<br/> Opis: <br/> Kod zaproszenia: ','Data początku gwarancji: 2024-05-12<br/> Data końca gwarancji: 2026-05-12<br/> Model: mTablica Professional<br/> Wspólnota: 0<br/> Szczegóły miejsca: <br/> Opis: <br/> Kod zaproszenia: ',1,'Edytowano dane mTablicy'),(808,2,'2024-05-12 11:49:39',1,'mtablice','Hasło: ','Hasło: 12345',1,'Edytowano hasło mTablicy'),(809,2,'2024-05-12 11:53:04',1,'mtablice','Hasło: ','Hasło: 1234',1,'Edytowano hasło mTablicy'),(810,2,'2024-05-12 11:53:32',1,'mtablice','Hasło: 1234','Hasło: 12345',1,'Edytowano hasło mTablicy'),(811,2,'2024-05-12 11:55:11',1,'mtablice','Hasło: 12345','Hasło: 123456',1,'Edytowano hasło mTablicy'),(812,2,'2024-05-12 11:55:51',1,'mtablice','Hasło: 123456','Hasło: 12345678',1,'Edytowano hasło mTablicy'),(813,2,'2024-05-12 11:56:56',1,'mtablice','Hasło: 12345678','Hasło: 123456789',1,'Edytowano hasło mTablicy'),(814,2,'2024-05-12 11:57:34',1,'mtablice','Hasło: 123456789','Hasło: 12345678',1,'Edytowano hasło mTablicy'),(815,2,'2024-05-12 11:58:41',1,'mtablice','Hasło: 12345678','Hasło: 1234',1,'Edytowano hasło mTablicy'),(816,2,'2024-05-12 11:59:29',1,'mtablice','Data początku gwarancji: 2024-05-12<br/> Data końca gwarancji: 2026-05-12<br/> Model: mTablica Professional<br/> Wspólnota: 0<br/> Szczegóły miejsca: <br/> Opis: <br/> Kod zaproszenia: ','Data początku gwarancji: 2024-05-12<br/> Data końca gwarancji: 2026-05-12<br/> Model: mTablica Basic<br/> Wspólnota: 0<br/> Szczegóły miejsca: <br/> Opis: <br/> Kod zaproszenia: ',1,'Edytowano dane mTablicy'),(817,2,'2024-05-12 12:24:09',2,'mtablice','','Model: mTablica Basic<br/> Data produkcji: 2024-05-12<br/> Gwarancja: 0000-00-00 - 0000-00-00<br/> Wspólnota: 0<br/> Szczegóły: <br/> Opis: <br/> Hasło: 1234<br/> Kod zaproszenia: ',2,'Dodano mTablicę'),(818,2,'2024-05-12 12:31:01',3,'mtablice','','Model: mTablica Basic<br/> Data produkcji: 2024-05-12<br/> Gwarancja: 0000-00-00 - 0000-00-00<br/> Wspólnota: 0<br/> Szczegóły: <br/> Opis: <br/> Hasło: 1234<br/> Kod zaproszenia: ',2,'Dodano mTablicę'),(819,2,'2024-05-12 12:32:50',4,'mtablice','','Model: mTablica Basic<br/> Data produkcji: 2024-05-12<br/> Gwarancja: 0000-00-00 - 0000-00-00<br/> Wspólnota: 0<br/> Szczegóły: <br/> Opis: <br/> Hasło: 1234<br/> Kod zaproszenia: ',2,'Dodano mTablicę'),(820,2,'2024-05-12 12:35:09',5,'mtablice','','Model: mTablica Basic<br/> Data produkcji: 2024-05-12<br/> Gwarancja: 0000-00-00 - 0000-00-00<br/> Wspólnota: 0<br/> Szczegóły: <br/> Opis: <br/> Hasło: 12345<br/> Kod zaproszenia: ',2,'Dodano mTablicę'),(821,2,'2024-05-12 12:41:11',2,'mtablice','Model: mTablica Basic<br/> Data produkcji: 0000-00-00 00:00:00<br/> Gwarancja: 0000-00-00 - 0000-00-00<br/> Wspólnota: 0<br/> Szczegóły: <br/> Opis: <br/> Hasło: 1234<br/> Kod zaproszenia: ','',3,'Usunięto mTablicę'),(822,2,'2024-05-12 12:42:22',3,'mtablice','Model: mTablica Basic<br/> Data produkcji: 2024-05-12 14:31:01<br/> Gwarancja: 0000-00-00 - 0000-00-00<br/> Wspólnota: 0<br/> Szczegóły: <br/> Opis: <br/> Hasło: 1234<br/> Kod zaproszenia: ','',3,'Usunięto mTablicę'),(823,2,'2024-05-12 12:42:28',4,'mtablice','Model: mTablica Basic<br/> Data produkcji: 2024-05-12 14:32:50<br/> Gwarancja: 0000-00-00 - 0000-00-00<br/> Wspólnota: 0<br/> Szczegóły: <br/> Opis: <br/> Hasło: 1234<br/> Kod zaproszenia: ','',3,'Usunięto mTablicę'),(824,2,'2024-05-12 12:43:11',5,'mtablice','Data początku gwarancji: 0000-00-00<br/> Data końca gwarancji: 0000-00-00<br/> Model: mTablica Basic<br/> Wspólnota: 0<br/> Szczegóły miejsca: <br/> Opis: <br/> Kod zaproszenia: ','Data początku gwarancji: 0000-00-00<br/> Data końca gwarancji: 0000-00-00<br/> Model: mTablica Professional<br/> Wspólnota: 0<br/> Szczegóły miejsca: <br/> Opis: <br/> Kod zaproszenia: ',1,'Edytowano dane mTablicy'),(825,2,'2024-05-12 12:43:18',5,'mtablice','Data początku gwarancji: 0000-00-00<br/> Data końca gwarancji: 0000-00-00<br/> Model: mTablica Professional<br/> Wspólnota: 0<br/> Szczegóły miejsca: <br/> Opis: <br/> Kod zaproszenia: ','Data początku gwarancji: 0000-00-00<br/> Data końca gwarancji: 0000-00-00<br/> Model: mTablica Basic<br/> Wspólnota: 0<br/> Szczegóły miejsca: <br/> Opis: <br/> Kod zaproszenia: ',1,'Edytowano dane mTablicy'),(826,1,'2024-05-19 16:23:28',1,'mtablice','Data początku gwarancji: 2024-05-12<br/> Data końca gwarancji: 2026-05-12<br/> Model: mTablica Basic<br/> Wspólnota: 0<br/> Szczegóły miejsca: <br/> Opis: <br/> Kod zaproszenia: ','Data początku gwarancji: 2024-05-12<br/> Data końca gwarancji: 2026-05-12<br/> Model: mTablica Basic<br/> Wspólnota: 1<br/> Szczegóły miejsca: <br/> Opis: <br/> Kod zaproszenia: ',1,'Edytowano dane mTablicy'),(827,2,'2024-05-19 16:23:53',1,'users','Imię: Gustaw Sołdecki<br/> Email: gugisek@gmail.com<br/> Rola: 2<br/> Wspólnota: ','Imię: Gustaw Sołdecki<br/> Email: gugisek@gmail.com<br/> Rola: 2<br/> Wspólnota: 1',1,'Edyctowano użytkownika'),(828,2,'2024-05-19 16:24:01',4,'users','Imię: Kacper Korus<br/> Email: member@gmail.com<br/> Rola: 4<br/> Wspólnota: ','Imię: Kacper Korus<br/> Email: member@gmail.com<br/> Rola: 4<br/> Wspólnota: 1',1,'Edyctowano użytkownika'),(829,1,'2024-05-19 16:24:20',4,'users','Imię: Kacper Korus<br/> Email: member@gmail.com<br/> Rola: 4<br/> Wspólnota: 1','Imię: Kacper Korus<br/> Email: member@gmail.com<br/> Rola: 4<br/> Wspólnota: ',1,'Edyctowano użytkownika'),(830,1,'2024-05-19 16:25:38',1,'mtablice','Data początku gwarancji: 2024-05-12<br/> Data końca gwarancji: 2026-05-12<br/> Model: mTablica Basic<br/> Wspólnota: 1<br/> Szczegóły miejsca: <br/> Opis: <br/> Kod zaproszenia: ','Data początku gwarancji: 2024-05-12<br/> Data końca gwarancji: 2026-05-12<br/> Model: mTablica Basic<br/> Wspólnota: 1<br/> Szczegóły miejsca: klatka 2<br/> Opis: <br/> Kod zaproszenia: ',1,'Edytowano dane mTablicy'),(831,1,'2024-05-19 16:50:06',5,'announcements','','Tytuł: Test<br/> Treść: test<br/> Data wygaśnięcia: 0000-00-00 00:00:00<br/> Priorytet: 2<br/> Ostatnia edycja: 2024-05-19 16:50:06',2,'Dodano ogłoszenie'),(832,1,'2024-05-19 16:52:00',5,'announcements','Tytuł: Test<br/> Treść: test<br/> Data wygaśnięcia: 0000-00-00 00:00:00<br/> Priorytet: 2<br/> Ostatnia edycja: 2024-05-19 16:50:06','Tytuł: Test<br/> Treść: Uwaga! Ważna informacja<br/> Data wygaśnięcia: 0000-00-00 00:00:00<br/> Priorytet: 2<br/> Ostatnia edycja: 2024-05-19 16:52:00',1,'Edyctowano ogłoszenie'),(833,1,'2024-05-19 16:53:22',5,'announcements','Tytuł: Test<br/> Treść: Uwaga! Ważna informacja<br/> Data wygaśnięcia: 0000-00-00 00:00:00<br/> Priorytet: 2<br/> Ostatnia edycja: 2024-05-19 16:52:00','Tytuł: Jak to jest być skrybą, dobrze?<br/> Treść: A, wie pan, moim zdaniem to nie ma tak, że dobrze, albo że niedobrze.\r\nGdybym miał powiedzieć, co cenię w życiu najbardziej, powiedziałbym, że ludzi.\r\nLudzi, którzy podali mi pomocną dłoń, kiedy sobie nie radziłem, kiedy byłem sam,\r\ni co ciekawe, to właśnie przypadkowe spotkania wpływają na nasze życie.\r\nChodzi o to, że kiedy wyznaje się pewne wartości, nawet pozornie uniwersalne,\r\nbywa, że nie znajduje się zrozumienia, które by tak rzec, które pomaga się nam rozwijać.\r\nJa miałem szczęście, by tak rzec, ponieważ je znalazłem, i dziękuję życiu!\r\nDziękuję mu; życie to śpiew, życie to taniec, życie to miłość!\r\nWielu ludzi pyta mnie o to samo: ale jak ty to robisz, skąd czerpiesz tę radość? A ja odpowiadam, że to proste!\r\nTo umiłowanie życia. To właśnie ono sprawia, że dzisiaj na przykład buduję maszyny, a jutro – kto wie? Dlaczego by nie – oddam się pracy społecznej i będę, ot, choćby, sadzić... doć— m-marchew...<br/> Data wygaśnięcia: 0000-00-00 00:00:00<br/> Priorytet: 2<br/> Ostatnia edycja: 2024-05-19 16:53:22',1,'Edyctowano ogłoszenie'),(834,1,'2024-05-19 16:56:52',5,'announcements','Tytuł: Jak to jest być skrybą, dobrze?<br/> Treść: A, wie pan, moim zdaniem to nie ma tak, że dobrze, albo że niedobrze.\r\nGdybym miał powiedzieć, co cenię w życiu najbardziej, powiedziałbym, że ludzi.\r\nLudzi, którzy podali mi pomocną dłoń, kiedy sobie nie radziłem, kiedy byłem sam,\r\ni co ciekawe, to właśnie przypadkowe spotkania wpływają na nasze życie.\r\nChodzi o to, że kiedy wyznaje się pewne wartości, nawet pozornie uniwersalne,\r\nbywa, że nie znajduje się zrozumienia, które by tak rzec, które pomaga się nam rozwijać.\r\nJa miałem szczęście, by tak rzec, ponieważ je znalazłem, i dziękuję życiu!\r\nDziękuję mu; życie to śpiew, życie to taniec, życie to miłość!\r\nWielu ludzi pyta mnie o to samo: ale jak ty to robisz, skąd czerpiesz tę radość? A ja odpowiadam, że to proste!\r\nTo umiłowanie życia. To właśnie ono sprawia, że dzisiaj na przykład buduję maszyny, a jutro – kto wie? Dlaczego by nie – oddam się pracy społecznej i będę, ot, choćby, sadzić... doć— m-marchew...<br/> Data wygaśnięcia: 0000-00-00 00:00:00<br/> Priorytet: 2<br/> Ostatnia edycja: 2024-05-19 16:53:22','Tytuł: Jak to jest być skrybą, dobrze?<br/> Treść: <br/>A, wie pan, moim zdaniem to nie ma tak, że dobrze, albo że niedobrze.\r\nGdybym miał powiedzieć, co cenię w życiu najbardziej, powiedziałbym, że ludzi.\r\nLudzi, którzy podali mi pomocną dłoń, kiedy sobie nie radziłem, kiedy byłem sam,\r\ni co ciekawe, to właśnie przypadkowe spotkania wpływają na nasze życie.\r\nChodzi o to, że kiedy wyznaje się pewne wartości, nawet pozornie uniwersalne,\r\nbywa, że nie znajduje się zrozumienia, które by tak rzec, które pomaga się nam rozwijać.\r\nJa miałem szczęście, by tak rzec, ponieważ je znalazłem, i dziękuję życiu!\r\nDziękuję mu; życie to śpiew, życie to taniec, życie to miłość!\r\nWielu ludzi pyta mnie o to samo: ale jak ty to robisz, skąd czerpiesz tę radość? A ja odpowiadam, że to proste!\r\nTo umiłowanie życia. To właśnie ono sprawia, że dzisiaj na przykład buduję maszyny, a jutro – kto wie? Dlaczego by nie – oddam się pracy społecznej i będę, ot, choćby, sadzić... doć— m-marchew...<br/> Data wygaśnięcia: 0000-00-00 00:00:00<br/> Priorytet: 2<br/> Ostatnia edycja: 2024-05-19 16:56:52',1,'Edyctowano ogłoszenie'),(835,1,'2024-05-19 16:57:23',5,'announcements','Tytuł: Jak to jest być skrybą, dobrze?<br/> Treść: <br/>A, wie pan, moim zdaniem to nie ma tak, że dobrze, albo że niedobrze.\r\nGdybym miał powiedzieć, co cenię w życiu najbardziej, powiedziałbym, że ludzi.\r\nLudzi, którzy podali mi pomocną dłoń, kiedy sobie nie radziłem, kiedy byłem sam,\r\ni co ciekawe, to właśnie przypadkowe spotkania wpływają na nasze życie.\r\nChodzi o to, że kiedy wyznaje się pewne wartości, nawet pozornie uniwersalne,\r\nbywa, że nie znajduje się zrozumienia, które by tak rzec, które pomaga się nam rozwijać.\r\nJa miałem szczęście, by tak rzec, ponieważ je znalazłem, i dziękuję życiu!\r\nDziękuję mu; życie to śpiew, życie to taniec, życie to miłość!\r\nWielu ludzi pyta mnie o to samo: ale jak ty to robisz, skąd czerpiesz tę radość? A ja odpowiadam, że to proste!\r\nTo umiłowanie życia. To właśnie ono sprawia, że dzisiaj na przykład buduję maszyny, a jutro – kto wie? Dlaczego by nie – oddam się pracy społecznej i będę, ot, choćby, sadzić... doć— m-marchew...<br/> Data wygaśnięcia: 0000-00-00 00:00:00<br/> Priorytet: 2<br/> Ostatnia edycja: 2024-05-19 16:56:52','Tytuł: Jak to jest być skrybą, dobrze?<br/> Treść: <br/>A, wie pan, moim zdaniem to nie ma tak, że dobrze, albo że niedobrze.\r\nGdybym miał powiedzieć, co cenię w życiu najbardziej, powiedziałbym, że ludzi.\r\nLudzi, którzy podali mi pomocną dłoń, kiedy sobie nie radziłem, kiedy byłem sam,\r\ni co ciekawe, to właśnie przypadkowe spotkania wpływają na nasze życie.\r\nChodzi o to, że kiedy wyznaje się pewne wartości, nawet pozornie uniwersalne,\r\nbywa, że nie znajduje się zrozumienia, które by tak rzec, które pomaga się nam rozwijać.\r\nJa miałem szczęście, by tak rzec, ponieważ je znalazłem, i dziękuję życiu!\r\nDziękuję mu; życie to śpiew, życie to taniec, życie to miłość!\r\nWielu ludzi pyta mnie o to samo: ale jak ty to robisz, skąd czerpiesz tę radość? A ja odpowiadam, że to proste!\r\nTo umiłowanie życia. To właśnie ono sprawia, że dzisiaj na przykład buduję maszyny, a jutro – kto wie? Dlaczego by nie – oddam się pracy społecznej i będę, ot, choćby, sadzić... doć— m-marchew...<br/> Data wygaśnięcia: 0000-00-00 00:00:00<br/> Priorytet: 0<br/> Ostatnia edycja: 2024-05-19 16:57:23',1,'Edyctowano ogłoszenie'),(836,1,'2024-05-19 16:57:50',5,'announcements','Tytuł: Jak to jest być skrybą, dobrze?<br/> Treść: <br/>A, wie pan, moim zdaniem to nie ma tak, że dobrze, albo że niedobrze.\r\nGdybym miał powiedzieć, co cenię w życiu najbardziej, powiedziałbym, że ludzi.\r\nLudzi, którzy podali mi pomocną dłoń, kiedy sobie nie radziłem, kiedy byłem sam,\r\ni co ciekawe, to właśnie przypadkowe spotkania wpływają na nasze życie.\r\nChodzi o to, że kiedy wyznaje się pewne wartości, nawet pozornie uniwersalne,\r\nbywa, że nie znajduje się zrozumienia, które by tak rzec, które pomaga się nam rozwijać.\r\nJa miałem szczęście, by tak rzec, ponieważ je znalazłem, i dziękuję życiu!\r\nDziękuję mu; życie to śpiew, życie to taniec, życie to miłość!\r\nWielu ludzi pyta mnie o to samo: ale jak ty to robisz, skąd czerpiesz tę radość? A ja odpowiadam, że to proste!\r\nTo umiłowanie życia. To właśnie ono sprawia, że dzisiaj na przykład buduję maszyny, a jutro – kto wie? Dlaczego by nie – oddam się pracy społecznej i będę, ot, choćby, sadzić... doć— m-marchew...<br/> Data wygaśnięcia: 0000-00-00 00:00:00<br/> Priorytet: 0<br/> Ostatnia edycja: 2024-05-19 16:57:23','Tytuł: Jak to jest być skrybą, dobrze?<br/> Treść: <br/>A, wie pan, moim zdaniem to nie ma tak, że dobrze, albo że niedobrze.\r\nGdybym miał powiedzieć, co cenię w życiu najbardziej, powiedziałbym, że ludzi.\r\nLudzi, którzy podali mi pomocną dłoń, kiedy sobie nie radziłem, kiedy byłem sam,\r\ni co ciekawe, to właśnie przypadkowe spotkania wpływają na nasze życie.\r\nChodzi o to, że kiedy wyznaje się pewne wartości, nawet pozornie uniwersalne,\r\nbywa, że nie znajduje się zrozumienia, które by tak rzec, które pomaga się nam rozwijać.\r\nJa miałem szczęście, by tak rzec, ponieważ je znalazłem, i dziękuję życiu!\r\nDziękuję mu; życie to śpiew, życie to taniec, życie to miłość!\r\nWielu ludzi pyta mnie o to samo: ale jak ty to robisz, skąd czerpiesz tę radość? A ja odpowiadam, że to proste!\r\nTo umiłowanie życia. To właśnie ono sprawia, że dzisiaj na przykład buduję maszyny, a jutro – kto wie? Dlaczego by nie – oddam się pracy społecznej i będę, ot, choćby, sadzić... doć— m-marchew...<br/> Data wygaśnięcia: 0000-00-00 00:00:00<br/> Priorytet: 5<br/> Ostatnia edycja: 2024-05-19 16:57:50',1,'Edyctowano ogłoszenie'),(837,1,'2024-05-19 16:59:04',6,'announcements','','Tytuł: Tak<br/> Treść: Nie<br/> Data wygaśnięcia: 0000-00-00 00:00:00<br/> Priorytet: 2<br/> Ostatnia edycja: 2024-05-19 16:59:04',2,'Dodano ogłoszenie'),(838,1,'2024-05-19 17:00:48',5,'announcements','Tytuł: Jak to jest być skrybą, dobrze?<br/> Treść: <br/>A, wie pan, moim zdaniem to nie ma tak, że dobrze, albo że niedobrze.\r\nGdybym miał powiedzieć, co cenię w życiu najbardziej, powiedziałbym, że ludzi.\r\nLudzi, którzy podali mi pomocną dłoń, kiedy sobie nie radziłem, kiedy byłem sam,\r\ni co ciekawe, to właśnie przypadkowe spotkania wpływają na nasze życie.\r\nChodzi o to, że kiedy wyznaje się pewne wartości, nawet pozornie uniwersalne,\r\nbywa, że nie znajduje się zrozumienia, które by tak rzec, które pomaga się nam rozwijać.\r\nJa miałem szczęście, by tak rzec, ponieważ je znalazłem, i dziękuję życiu!\r\nDziękuję mu; życie to śpiew, życie to taniec, życie to miłość!\r\nWielu ludzi pyta mnie o to samo: ale jak ty to robisz, skąd czerpiesz tę radość? A ja odpowiadam, że to proste!\r\nTo umiłowanie życia. To właśnie ono sprawia, że dzisiaj na przykład buduję maszyny, a jutro – kto wie? Dlaczego by nie – oddam się pracy społecznej i będę, ot, choćby, sadzić... doć— m-marchew...<br/> Data wygaśnięcia: 0000-00-00 00:00:00<br/> Priorytet: 5<br/> Ostatnia edycja: 2024-05-19 16:57:50','Tytuł: Jak to jest być skrybą, dobrze?<br/> Treść: <br/>A, wie pan, moim zdaniem to nie ma tak, że dobrze, albo że niedobrze.\r\nGdybym miał powiedzieć, co cenię w życiu najbardziej, powiedziałbym, że ludzi.\r\nLudzi, którzy podali mi pomocną dłoń, kiedy sobie nie radziłem, kiedy byłem sam,\r\ni co ciekawe, to właśnie przypadkowe spotkania wpływają na nasze życie.\r\nChodzi o to, że kiedy wyznaje się pewne wartości, nawet pozornie uniwersalne,\r\nbywa, że nie znajduje się zrozumienia, które by tak rzec, które pomaga się nam rozwijać.\r\nJa miałem szczęście, by tak rzec, ponieważ je znalazłem, i dziękuję życiu!\r\nDziękuję mu; życie to śpiew, życie to taniec, życie to miłość!\r\nWielu ludzi pyta mnie o to samo: ale jak ty to robisz, skąd czerpiesz tę radość? A ja odpowiadam, że to proste!\r\nTo umiłowanie życia. To właśnie ono sprawia, że dzisiaj na przykład buduję maszyny, a jutro – kto wie? Dlaczego by nie – oddam się pracy społecznej i będę, ot, choćby, sadzić... doć— m-marchew...<br/> Data wygaśnięcia: 0000-00-00 00:00:00<br/> Priorytet: 1<br/> Ostatnia edycja: 2024-05-19 17:00:48',1,'Edyctowano ogłoszenie'),(839,1,'2024-05-19 17:04:25',6,'announcements','Tytuł: Tak<br/> Treść: Nie<br/> Data wygaśnięcia: 0000-00-00 00:00:00<br/> Priorytet: 2<br/> Ostatnia edycja: 2024-05-19 16:59:04','Tytuł: Tak<br/> Treść: Reasumując wszystkie aspekty kwintesencji tematu, dochodzę do fundamentalnej konkluzji, że nie warto się uczyć do matury ustnej z polskiego. Lepszą alternatywą od tego jest klikanie w komputer.<br/> Data wygaśnięcia: 0000-00-00 00:00:00<br/> Priorytet: 2<br/> Ostatnia edycja: 2024-05-19 17:04:25',1,'Edyctowano ogłoszenie'),(840,1,'2024-05-20 13:15:30',7,'announcements','','Tytuł: Urodzily sie homiki<br/> Treść: som bezdomne<br/> Data wygaśnięcia: 2024-05-20T15:17<br/> Priorytet: 0<br/> Ostatnia edycja: 2024-05-20 13:15:30',2,'Dodano ogłoszenie'),(841,1,'2024-05-20 13:15:49',7,'announcements','Tytuł: Urodzily sie homiki<br/> Treść: som bezdomne<br/> Data wygaśnięcia: 2024-05-20 15:17:00<br/> Priorytet: 0<br/> Ostatnia edycja: 2024-05-20 13:15:30','Tytuł: Urodzily sie homiki<br/> Treść: som bezdomne<br/> Data wygaśnięcia: 2024-05-20 15:17<br/> Priorytet: 5<br/> Ostatnia edycja: 2024-05-20 13:15:49',1,'Edyctowano ogłoszenie'),(842,1,'2024-05-20 13:23:12',7,'announcements','Tytuł: Urodzily sie homiki<br/> Treść: som bezdomne<br/> Data wygaśnięcia: 2024-05-20 15:17:00<br/> Priorytet: 5<br/> Ostatnia edycja: 2024-05-20 13:15:49','',3,'Usunięto ogłoszenie'),(843,1,'2024-05-20 13:24:30',8,'announcements','','Tytuł: Reasumując wszystkie aspekty<br/> Treść: Bajo jajo<br/> Data wygaśnięcia: 2024-05-20T15:26<br/> Priorytet: 3<br/> Ostatnia edycja: 2024-05-20 13:24:30',2,'Dodano ogłoszenie'),(844,2,'2024-05-21 13:46:12',4,'users','Imię: Kacper Korus<br/> Email: member@gmail.com<br/> Rola: 4<br/> Wspólnota: ','Imię: Kacper Korus<br/> Email: member@gmail.com<br/> Rola: 4<br/> Wspólnota: 1',1,'Edyctowano użytkownika'),(845,1,'2024-05-21 13:47:34',9,'announcements','','Tytuł: asd<br/> Treść: asd<br/> Data wygaśnięcia: 0000-00-00 00:00:00<br/> Priorytet: 4<br/> Ostatnia edycja: 2024-05-21 13:47:34',2,'Dodano ogłoszenie'),(846,1,'2024-05-22 18:00:24',9,'announcements','Tytuł: asd<br/> Treść: asd<br/> Data wygaśnięcia: 0000-00-00 00:00:00<br/> Priorytet: 4<br/> Ostatnia edycja: 2024-05-21 15:47:34','',3,'Usunięto ogłoszenie'),(847,1,'2024-05-22 18:30:40',10,'announcements','','Tytuł: Próba<br/> Treść: Jak to jest być skrybą\r\n∆†ī®©∂ń©∂©ń∆ń†īhgąś∂Naš∂ńŌ∑ę®Ō∑ę<br/> Data wygaśnięcia: 2024-05-22T20:32<br/> Priorytet: 0<br/> Ostatnia edycja: 2024-05-22 18:30:40',2,'Dodano ogłoszenie'),(848,1,'2024-05-23 13:51:48',10,'announcements','Tytuł: Próba<br/> Treść: Jak to jest być skrybą\r\n∆†ī®©∂ń©∂©ń∆ń†īhgąś∂Naš∂ńŌ∑ę®Ō∑ę<br/> Data wygaśnięcia: 2024-05-23 15:52:00<br/> Priorytet: 0<br/> Ostatnia edycja: 2024-05-23 15:51:08','Tytuł: Próba siemka<br/> Treść: Jak to jest być skrybą\r\n∆†ī®©∂ń©∂©ń∆ń†īhgąś∂Naš∂ńŌ∑ę®Ō∑ę<br/> Data wygaśnięcia: 2024-05-23 15:52<br/> Priorytet: 0<br/> Ostatnia edycja: 2024-05-23 13:51:48',1,'Edyctowano ogłoszenie'),(849,1,'2024-05-23 13:52:07',10,'announcements','Tytuł: Próba siemka<br/> Treść: Jak to jest być skrybą\r\n∆†ī®©∂ń©∂©ń∆ń†īhgąś∂Naš∂ńŌ∑ę®Ō∑ę<br/> Data wygaśnięcia: 2024-05-23 15:52:00<br/> Priorytet: 0<br/> Ostatnia edycja: 2024-05-23 15:51:48','',3,'Usunięto ogłoszenie'),(850,1,'2024-05-23 13:52:12',8,'announcements','Tytuł: Reasumując wszystkie aspekty<br/> Treść: Bajo jajo<br/> Data wygaśnięcia: 2024-05-20 15:26:00<br/> Priorytet: 3<br/> Ostatnia edycja: 2024-05-20 15:24:30','',3,'Usunięto ogłoszenie'),(851,1,'2024-05-23 14:18:26',11,'announcements','','Tytuł: MSCDN<br/> Treść: To jest opis ogłoszenia, mozna tutaj wpisac do 2048 znakow<br/> Data wygaśnięcia: 2024-05-23T16:20<br/> Priorytet: 3<br/> Ostatnia edycja: 2024-05-23 14:18:26',2,'Dodano ogłoszenie'),(852,1,'2026-01-08 10:55:14',12,'announcements','','Tytuł: CZarny to cwel<br/> Treść: Nie ofajcie czarnemu bo to złodziej <br/> Data wygaśnięcia: 2026-02-28T11:54<br/> Priorytet: 0<br/> Ostatnia edycja: 2026-01-08 11:55:14',2,'Dodano ogłoszenie'),(853,1,'2026-01-13 19:06:30',12,'announcements','Tytuł: CZarny to cwel<br/> Treść: Nie ofajcie czarnemu bo to złodziej <br/> Data wygaśnięcia: 2026-02-28 11:54:00<br/> Priorytet: 0<br/> Ostatnia edycja: 2026-01-08 11:55:14','',3,'Usunięto ogłoszenie'),(854,1,'2026-01-13 19:13:10',13,'announcements','','Tytuł: Testowe ogłoszenie<br/> Treść: Treść ogłoszenia\r\n\r\nPozdrawiam<br/> Data wygaśnięcia: 0000-00-00 00:00:00<br/> Priorytet: 5<br/> Ostatnia edycja: 2026-01-13 20:13:10',2,'Dodano ogłoszenie'),(855,1,'2026-01-16 17:10:22',14,'announcements','','Tytuł: Czy widac<br/> Treść: sprawdzanie funkcjonalnosci<br/> Data wygaśnięcia: 2026-01-17T18:10<br/> Priorytet: 1<br/> Ostatnia edycja: 2026-01-16 18:10:22',2,'Dodano ogłoszenie'),(856,1,'2026-01-16 18:15:54',14,'announcements','Tytuł: Czy widac<br/> Treść: sprawdzanie funkcjonalnosci<br/> Data wygaśnięcia: 2026-01-17 18:10:00<br/> Priorytet: 1<br/> Ostatnia edycja: 2026-01-16 18:10:22','',3,'Usunięto ogłoszenie'),(857,1,'2026-01-16 18:19:51',15,'announcements','','Tytuł: REMONT WINDY<br/> Treść: Szanowni Państwo,\r\ninformujemy, że w dniach 21.01.2025-25.01.2025 w budynku będą prowadzone prace związane z remontem/modernizacją windy.\r\n\r\nW związku z tym winda będzie nieczynna \r\n\r\nProsimy o uwzględnienie utrudnień i korzystanie w tym czasie ze schodów.\r\nPrzepraszamy za niedogodności i dziękujemy za wyrozumiałość.\r\n\r\nZarząd Wspólnoty \r\nKontakt: 666777888\r\nData wywieszenia: 17.01.2025\r\n\r\n(Opcjonalnie dopisek)\r\nW razie pytań lub potrzeby pomocy (np. osoby starsze, z wózkami) prosimy o kontakt z administracją.<br/> Data wygaśnięcia: 2025-01-27T19:18<br/> Priorytet: 2<br/> Ostatnia edycja: 2026-01-16 19:19:51',2,'Dodano ogłoszenie'),(858,1,'2026-01-16 18:44:20',13,'announcements','Tytuł: Testowe ogłoszenie<br/> Treść: Treść ogłoszenia\r\n\r\nPozdrawiam<br/> Data wygaśnięcia: 0000-00-00 00:00:00<br/> Priorytet: 5<br/> Ostatnia edycja: 2026-01-13 20:13:10','',3,'Usunięto ogłoszenie'),(859,1,'2026-01-16 18:44:55',15,'announcements','Tytuł: REMONT WINDY<br/> Treść: Szanowni Państwo,\r\ninformujemy, że w dniach 21.01.2025-25.01.2025 w budynku będą prowadzone prace związane z remontem/modernizacją windy.\r\n\r\nW związku z tym winda będzie nieczynna \r\n\r\nProsimy o uwzględnienie utrudnień i korzystanie w tym czasie ze schodów.\r\nPrzepraszamy za niedogodności i dziękujemy za wyrozumiałość.\r\n\r\nZarząd Wspólnoty \r\nKontakt: 666777888\r\nData wywieszenia: 17.01.2025\r\n\r\n(Opcjonalnie dopisek)\r\nW razie pytań lub potrzeby pomocy (np. osoby starsze, z wózkami) prosimy o kontakt z administracją.<br/> Data wygaśnięcia: 2025-01-27 19:18:00<br/> Priorytet: 2<br/> Ostatnia edycja: 2026-01-16 19:19:51','Tytuł: REMONT WINDY<br/> Treść: Szanowni Państwo,\r\ninformujemy, że w dniach 21.01.2025-25.01.2025 w budynku będą prowadzone prace związane z remontem/modernizacją windy.\r\n\r\nW związku z tym winda będzie nieczynna \r\n\r\nProsimy o uwzględnienie utrudnień i korzystanie w tym czasie ze schodów.\r\nPrzepraszamy za niedogodności i dziękujemy za wyrozumiałość.\r\n\r\nZarząd Wspólnoty \r\nKontakt: 666777888\r\nData wywieszenia: 17.01.2025\r\n\r\n(Opcjonalnie dopisek)\r\nW razie pytań lub potrzeby pomocy (np. osoby starsze, z wózkami) prosimy o kontakt z administracją.<br/> Data wygaśnięcia: 2026-04-16 19:18<br/> Priorytet: 2<br/> Ostatnia edycja: 2026-01-16 19:44:55',1,'Edyctowano ogłoszenie'),(860,1,'2026-01-16 18:45:34',15,'announcements','Tytuł: REMONT WINDY<br/> Treść: Szanowni Państwo,\r\ninformujemy, że w dniach 21.01.2025-25.01.2025 w budynku będą prowadzone prace związane z remontem/modernizacją windy.\r\n\r\nW związku z tym winda będzie nieczynna \r\n\r\nProsimy o uwzględnienie utrudnień i korzystanie w tym czasie ze schodów.\r\nPrzepraszamy za niedogodności i dziękujemy za wyrozumiałość.\r\n\r\nZarząd Wspólnoty \r\nKontakt: 666777888\r\nData wywieszenia: 17.01.2025\r\n\r\n(Opcjonalnie dopisek)\r\nW razie pytań lub potrzeby pomocy (np. osoby starsze, z wózkami) prosimy o kontakt z administracją.<br/> Data wygaśnięcia: 2026-04-16 19:18:00<br/> Priorytet: 2<br/> Ostatnia edycja: 2026-01-16 19:44:55','Tytuł: REMONT WINDY<br/> Treść: Szanowni Państwo,\r\ninformujemy, że w dniach 21.01.2025-25.01.2025 w budynku będą prowadzone prace związane z remontem/modernizacją windy.\r\n\r\nW związku z tym winda będzie nieczynna \r\n\r\nProsimy o uwzględnienie utrudnień i korzystanie w tym czasie ze schodów.\r\nPrzepraszamy za niedogodności i dziękujemy za wyrozumiałość.\r\n\r\nZarząd Wspólnoty \r\nKontakt: 666777888\r\nData wywieszenia: 17.01.2025\r\n\r\n(Opcjonalnie dopisek)\r\nW razie pytań lub potrzeby pomocy (np. osoby starsze, z wózkami) prosimy o kontakt z administracją.<br/> Data wygaśnięcia: 2026-04-17 19:18<br/> Priorytet: 2<br/> Ostatnia edycja: 2026-01-16 19:45:34',1,'Edyctowano ogłoszenie'),(861,1,'2026-01-16 18:45:49',5,'announcements','Tytuł: Jak to jest być skrybą, dobrze?<br/> Treść: <br/>A, wie pan, moim zdaniem to nie ma tak, że dobrze, albo że niedobrze.\r\nGdybym miał powiedzieć, co cenię w życiu najbardziej, powiedziałbym, że ludzi.\r\nLudzi, którzy podali mi pomocną dłoń, kiedy sobie nie radziłem, kiedy byłem sam,\r\ni co ciekawe, to właśnie przypadkowe spotkania wpływają na nasze życie.\r\nChodzi o to, że kiedy wyznaje się pewne wartości, nawet pozornie uniwersalne,\r\nbywa, że nie znajduje się zrozumienia, które by tak rzec, które pomaga się nam rozwijać.\r\nJa miałem szczęście, by tak rzec, ponieważ je znalazłem, i dziękuję życiu!\r\nDziękuję mu; życie to śpiew, życie to taniec, życie to miłość!\r\nWielu ludzi pyta mnie o to samo: ale jak ty to robisz, skąd czerpiesz tę radość? A ja odpowiadam, że to proste!\r\nTo umiłowanie życia. To właśnie ono sprawia, że dzisiaj na przykład buduję maszyny, a jutro – kto wie? Dlaczego by nie – oddam się pracy społecznej i będę, ot, choćby, sadzić... doć— m-marchew...<br/> Data wygaśnięcia: 0000-00-00 00:00:00<br/> Priorytet: 1<br/> Ostatnia edycja: 2024-05-19 17:00:48','Tytuł: Jak to jest być skrybą, dobrze?<br/> Treść: <br/>A, wie pan, moim zdaniem to nie ma tak, że dobrze, albo że niedobrze.\r\nGdybym miał powiedzieć, co cenię w życiu najbardziej, powiedziałbym, że ludzi.\r\nLudzi, którzy podali mi pomocną dłoń, kiedy sobie nie radziłem, kiedy byłem sam,\r\ni co ciekawe, to właśnie przypadkowe spotkania wpływają na nasze życie.\r\nChodzi o to, że kiedy wyznaje się pewne wartości, nawet pozornie uniwersalne,\r\nbywa, że nie znajduje się zrozumienia, które by tak rzec, które pomaga się nam rozwijać.\r\nJa miałem szczęście, by tak rzec, ponieważ je znalazłem, i dziękuję życiu!\r\nDziękuję mu; życie to śpiew, życie to taniec, życie to miłość!\r\nWielu ludzi pyta mnie o to samo: ale jak ty to robisz, skąd czerpiesz tę radość? A ja odpowiadam, że to proste!\r\nTo umiłowanie życia. To właśnie ono sprawia, że dzisiaj na przykład buduję maszyny, a jutro – kto wie? Dlaczego by nie – oddam się pracy społecznej i będę, ot, choćby, sadzić... doć— m-marchew...<br/> Data wygaśnięcia: 2026-01-08 19:45<br/> Priorytet: 1<br/> Ostatnia edycja: 2026-01-16 19:45:49',1,'Edyctowano ogłoszenie');
/*!40000 ALTER TABLE `logs` ENABLE KEYS */;
UNLOCK TABLES;

--
-- Table structure for table `mtablice`
--

DROP TABLE IF EXISTS `mtablice`;
/*!40101 SET @saved_cs_client     = @@character_set_client */;
/*!50503 SET character_set_client = utf8mb4 */;
CREATE TABLE `mtablice` (
  `id` int NOT NULL AUTO_INCREMENT,
  `serial` varchar(80) COLLATE utf8mb4_general_ci NOT NULL,
  `wspolnota_id` int DEFAULT NULL,
  `status_id` int NOT NULL,
  `create_date` datetime NOT NULL,
  `warranty_start` date DEFAULT NULL,
  `warranty_end` date DEFAULT NULL,
  `password` varchar(500) COLLATE utf8mb4_general_ci NOT NULL,
  `place_details` varchar(50) COLLATE utf8mb4_general_ci DEFAULT NULL,
  `description` longtext COLLATE utf8mb4_general_ci,
  `model` varchar(150) COLLATE utf8mb4_general_ci NOT NULL,
  `invite_code` varchar(100) COLLATE utf8mb4_general_ci DEFAULT NULL,
  `user_id` int NOT NULL,
  PRIMARY KEY (`id`)
) ENGINE=InnoDB AUTO_INCREMENT=6 DEFAULT CHARSET=utf8mb4 COLLATE=utf8mb4_general_ci;
/*!40101 SET character_set_client = @saved_cs_client */;

--
-- Dumping data for table `mtablice`
--

LOCK TABLES `mtablice` WRITE;
/*!40000 ALTER TABLE `mtablice` DISABLE KEYS */;
INSERT INTO `mtablice` VALUES (1,'mTablica0001',1,0,'2024-05-04 20:44:38','2024-05-12','2026-05-12','1234','klatka 2','','mTablica Basic','',5),(5,'mTablica-0005',0,0,'2024-05-12 14:35:09','0000-00-00','0000-00-00','12345','','','mTablica Basic','',15);
/*!40000 ALTER TABLE `mtablice` ENABLE KEYS */;
UNLOCK TABLES;

--
-- Table structure for table `roles`
--

DROP TABLE IF EXISTS `roles`;
/*!40101 SET @saved_cs_client     = @@character_set_client */;
/*!50503 SET character_set_client = utf8mb4 */;
CREATE TABLE `roles` (
  `id` int NOT NULL AUTO_INCREMENT,
  `name` varchar(100) COLLATE utf8mb4_general_ci NOT NULL,
  PRIMARY KEY (`id`)
) ENGINE=InnoDB AUTO_INCREMENT=6 DEFAULT CHARSET=utf8mb4 COLLATE=utf8mb4_general_ci;
/*!40101 SET character_set_client = @saved_cs_client */;

--
-- Dumping data for table `roles`
--

LOCK TABLES `roles` WRITE;
/*!40000 ALTER TABLE `roles` DISABLE KEYS */;
INSERT INTO `roles` VALUES (1,'super_admin'),(2,'adm_wspolnota'),(3,'adm_3rdparty'),(4,'member'),(5,'mtablica');
/*!40000 ALTER TABLE `roles` ENABLE KEYS */;
UNLOCK TABLES;

--
-- Table structure for table `users`
--

DROP TABLE IF EXISTS `users`;
/*!40101 SET @saved_cs_client     = @@character_set_client */;
/*!50503 SET character_set_client = utf8mb4 */;
CREATE TABLE `users` (
  `id` int NOT NULL AUTO_INCREMENT,
  `communities` varchar(100) COLLATE utf8mb4_general_ci DEFAULT NULL,
  `fullName` varchar(200) COLLATE utf8mb4_general_ci NOT NULL,
  `email` varchar(500) COLLATE utf8mb4_general_ci NOT NULL,
  `password` varchar(500) COLLATE utf8mb4_general_ci NOT NULL,
  `created_at` datetime NOT NULL,
  `role_id` int NOT NULL,
  PRIMARY KEY (`id`)
) ENGINE=InnoDB AUTO_INCREMENT=16 DEFAULT CHARSET=utf8mb4 COLLATE=utf8mb4_general_ci;
/*!40101 SET character_set_client = @saved_cs_client */;

--
-- Dumping data for table `users`
--

LOCK TABLES `users` WRITE;
/*!40000 ALTER TABLE `users` DISABLE KEYS */;
INSERT INTO `users` VALUES (1,'1','Gustaw Sołdecki','gugisek@gmail.com','03ac674216f3e15c761ee1a5e255f067953623c8b388b4459e13f978d7c846f4','2024-05-04 12:50:20',2),(2,NULL,'Jakub Strzelczak','jakub@gmail.com','03ac674216f3e15c761ee1a5e255f067953623c8b388b4459e13f978d7c846f4','2024-05-04 15:11:51',1),(3,NULL,'Miasto Stołeczne Warszawa','3rd@gmail.com','03ac674216f3e15c761ee1a5e255f067953623c8b388b4459e13f978d7c846f4','2024-05-04 15:39:26',3),(4,'1','Kacper Korus','member@gmail.com','03ac674216f3e15c761ee1a5e255f067953623c8b388b4459e13f978d7c846f4','2024-05-04 16:04:45',4),(5,NULL,'mTablica0001','mtablica0001@mosiedle.pl','03ac674216f3e15c761ee1a5e255f067953623c8b388b4459e13f978d7c846f4','2024-05-04 19:28:06',5),(15,NULL,'mTablica-0005','mtablica-0005@mosiedle.pl','5994471abb01112afcc18159f6cc74b4f511b99806da59b3caf5a9c173cacfc5','2024-05-12 14:35:09',5);
/*!40000 ALTER TABLE `users` ENABLE KEYS */;
UNLOCK TABLES;
/*!40103 SET TIME_ZONE=@OLD_TIME_ZONE */;

/*!40101 SET SQL_MODE=@OLD_SQL_MODE */;
/*!40014 SET FOREIGN_KEY_CHECKS=@OLD_FOREIGN_KEY_CHECKS */;
/*!40014 SET UNIQUE_CHECKS=@OLD_UNIQUE_CHECKS */;
/*!40101 SET CHARACTER_SET_CLIENT=@OLD_CHARACTER_SET_CLIENT */;
/*!40101 SET CHARACTER_SET_RESULTS=@OLD_CHARACTER_SET_RESULTS */;
/*!40101 SET COLLATION_CONNECTION=@OLD_COLLATION_CONNECTION */;
/*!40111 SET SQL_NOTES=@OLD_SQL_NOTES */;

-- Dump completed on 2026-01-16 20:08:20
